Symbol,Name,Sector,Industry,Index,Secode,Indcode
ATVI, Activision Blizzard Inc,Technology,Electronic Gaming & Multimedia,NASDAQ100,tec,egm
ADBE, Adobe Inc.,Technology,Software - Application,NASDAQ100,tec,sa
AMD, Advanced Micro Devices Inc.,Technology,Semiconductors,NASDAQ100,tec,semc
ALXN, Alexion Pharmaceuticals Inc.,Healthcare,Biotechnology,NASDAQ100,hea,bio
ALGN, Align Technology Inc.,Healthcare,Medical Devices,NASDAQ100,hea,mdev
GOOG, Alphabet Inc.,Technology,Internet Content & Information,NASDAQ100,tec,ici
GOOGL, Alphabet Inc.,Technology,Internet Content & Information,NASDAQ100,tec,ici
AMZN, Amazon.com Inc.,Consumer Cyclical,Specialty Retail,NASDAQ100,cc,sr
AAL, American Airlines Group Inc.,Industrials,Airlines,NASDAQ100,ind,air
AMGN, Amgen Inc.,Healthcare,Biotechnology,NASDAQ100,hea,bio
ADI, Analog Devices Inc.,Technology,Semiconductors,NASDAQ100,tec,semc
AAPL, Apple Inc.,Technology,Consumer Electronics,NASDAQ100,tec,cel
AMAT, Applied Materials Inc.,Technology,Semiconductor Equipment & Materials,NASDAQ100,tec,sem
ASML, ASML Holding N.V.,Technology,Semiconductor Equipment & Materials,NASDAQ100,tec,sem
ADSK, Autodesk Inc.,Technology,Software - Application,NASDAQ100,tec,sa
ADP, Automatic Data Processing Inc.,Industrials,Business Services,NASDAQ100,ind,bs
BIDU, Baidu Inc.,Technology,Internet Content & Information,NASDAQ100,tec,ici
BIIB, Biogen Inc.,Healthcare,Biotechnology,NASDAQ100,hea,bio
BMRN, BioMarin Pharmaceutical Inc.,Healthcare,Biotechnology,NASDAQ100,hea,bio
BKNG, Booking Holdings Inc.,Consumer Cyclical,Leisure,NASDAQ100,cc,lei
AVGO, Broadcom Inc.,Technology,Semiconductors,NASDAQ100,tec,semc
CDNS, Cadence Design Systems Inc.,Technology,Software - Application,NASDAQ100,tec,sa
CELG, Celgene Corporation,Healthcare,Biotechnology,NASDAQ100,hea,bio
CERN, Cerner Corporation,Technology,Health Information Services,NASDAQ100,tec,hise
CHTR, Charter Communications Inc.,Communication Services,Pay TV,NASDAQ100,cs,pt
CHKP, Check Point Software Technologies Ltd.,Technology,Software - Application,NASDAQ100,tec,sa
CTAS, Cintas Corporation,Industrials,Business Services,NASDAQ100,ind,bs
CSCO, Cisco Systems Inc.,Technology,Communication Equipment,NASDAQ100,tec,ceq
CTXS, Citrix Systems Inc.,Technology,Software - Infrastructure,NASDAQ100,tec,si
CTSH, Cognizant Technology Solutions Corporation,Technology,Information Technology Services,NASDAQ100,tec,its
CMCSA, Comcast Corporation,Communication Services,Pay TV,NASDAQ100,cs,pt
COST, Costco Wholesale Corporation,Consumer Defensive,Discount Stores,NASDAQ100,cd,dis
CSX, CSX Corporation,Industrials,Railroads,NASDAQ100,ind,rai
CTRP, Ctrip.com International Ltd.,Consumer Cyclical,Leisure,NASDAQ100,cc,lei
DLTR, Dollar Tree Inc.,Consumer Defensive,Discount Stores,NASDAQ100,cd,dis
EBAY, eBay Inc.,Consumer Cyclical,Specialty Retail,NASDAQ100,cc,sr
EA, Electronic Arts Inc.,Technology,Electronic Gaming & Multimedia,NASDAQ100,tec,egm
EXPE, Expedia Group Inc.,Consumer Cyclical,Leisure,NASDAQ100,cc,lei
FB, Facebook Inc.,Technology,Internet Content & Information,NASDAQ100,tec,ici
FAST, Fastenal Company,Industrials,Industrial Distribution,NASDAQ100,ind,idis
FISV, Fiserv Inc.,Industrials,Business Services,NASDAQ100,ind,bs
GILD, Gilead Sciences Inc.,Healthcare,Biotechnology,NASDAQ100,hea,bio
HAS, Hasbro Inc.,Consumer Cyclical,Leisure,NASDAQ100,cc,lei
HSIC, Henry Schein Inc.,Healthcare,Medical Distribution,NASDAQ100,hea,mdis
IDXX, IDEXX Laboratories Inc.,Healthcare,Diagnostics & Research,NASDAQ100,hea,dr
ILMN, Illumina Inc.,Healthcare,Diagnostics & Research,NASDAQ100,hea,dr
INCY, Incyte Corporation,Healthcare,Biotechnology,NASDAQ100,hea,bio
INTC, Intel Corporation,Technology,Semiconductors,NASDAQ100,tec,semc
INTU, Intuit Inc.,Technology,Software - Application,NASDAQ100,tec,sa
ISRG, Intuitive Surgical Inc.,Healthcare,Medical Instruments & Supplies,NASDAQ100,hea,mis
JBHT, J.B. Hunt Transport Services Inc.,Industrials,Integrated Shipping & Logistics,NASDAQ100,ind,isl
JD, JD.com Inc.,Consumer Cyclical,Specialty Retail,NASDAQ100,cc,sr
KLAC, KLA-Tencor Corporation,Technology,Semiconductor Equipment & Materials,NASDAQ100,tec,sem
LRCX, Lam Research Corporation,Technology,Semiconductor Equipment & Materials,NASDAQ100,tec,sem
LBTYA, Liberty Global plc,Communication Services,Pay TV,NASDAQ100,cs,pt
LBTYK, Liberty Global plc,Communication Services,Pay TV,NASDAQ100,cs,pt
LULU, lululemon athletica inc.,Consumer Cyclical,Apparel Stores,NASDAQ100,cc,as
MAR, Marriott International,Consumer Cyclical,Lodging,NASDAQ100,cc,lod
MXIM, Maxim Integrated Products Inc.,Technology,Semiconductors,NASDAQ100,tec,semc
MELI, MercadoLibre Inc.,Consumer Cyclical,Specialty Retail,NASDAQ100,cc,sr
MCHP, Microchip Technology Incorporated,Technology,Semiconductors,NASDAQ100,tec,semc
MU, Micron Technology Inc.,Technology,Semiconductor Memory,NASDAQ100,tec,smm
MSFT, Microsoft Corporation,Technology,Software - Infrastructure,NASDAQ100,tec,si
MDLZ, Mondelez International Inc.,Consumer Defensive,Confectioners,NASDAQ100,cd,conf
MNST, Monster Beverage Corporation,Consumer Defensive,Beverages - Soft Drinks,NASDAQ100,cd,bsd
MYL, Mylan N.V.,Healthcare,Drug Manufacturers - Specialty & Generic,NASDAQ100,hea,dmsg
NTAP, NetApp Inc.,Technology,Data Storage,NASDAQ100,tec,das
NTES, NetEase Inc.,Technology,Internet Content & Information,NASDAQ100,tec,ici
NFLX, Netflix Inc.,Consumer Cyclical,Media - Diversified,NASDAQ100,cc,mdiv
NVDA, NVIDIA Corporation,Technology,Semiconductors,NASDAQ100,tec,semc
NXPI, NXP Semiconductors N.V.,Technology,Semiconductors,NASDAQ100,tec,semc
ORLY, O'Reilly Automotive Inc.,Consumer Cyclical,Specialty Retail,NASDAQ100,cc,sr
PCAR, PACCAR Inc.,Industrials,Truck Manufacturing,NASDAQ100,ind,tm
PAYX, Paychex Inc.,Industrials,Business Services,NASDAQ100,ind,bs
PYPL, PayPal Holdings Inc.,Financial Services,Credit Services,NASDAQ100,fs,cse
PEP, Pepsico Inc.,Consumer Defensive,Beverages - Soft Drinks,NASDAQ100,cd,bsd
QCOM, QUALCOMM Incorporated,Technology,Semiconductors,NASDAQ100,tec,semc
REGN, Regeneron Pharmaceuticals Inc.,Healthcare,Biotechnology,NASDAQ100,hea,bio
ROST, Ross Stores Inc.,Consumer Cyclical,Apparel Stores,NASDAQ100,cc,as
SIRI, Sirius XM Holdings Inc.,Consumer Cyclical,Broadcasting - Radio,NASDAQ100,cc,br
SWKS, Skyworks Solutions Inc.,Technology,Semiconductors,NASDAQ100,tec,semc
SBUX, Starbucks Corporation,Consumer Cyclical,Restaurants,NASDAQ100,cc,rest
SYMC, Symantec Corporation,Technology,Software - Application,NASDAQ100,tec,sa
SNPS, Synopsys Inc.,Technology,Software - Application,NASDAQ100,tec,sa
TMUS, T-Mobile US Inc.,Communication Services,Telecom Services,NASDAQ100,cs,ts
TTWO, Take-Two Interactive Software Inc.,Technology,Electronic Gaming & Multimedia,NASDAQ100,tec,egm
TSLA, Tesla Inc.,Consumer Cyclical,Auto Manufacturers,NASDAQ100,cc,aman
TXN, Texas Instruments Incorporated,Technology,Semiconductors,NASDAQ100,tec,semc
KHC, The Kraft Heinz Company,Consumer Defensive,Packaged Foods,NASDAQ100,cd,pf
FOX, Twenty-First Century Fox Inc.,Consumer Cyclical,Media - Diversified,NASDAQ100,cc,mdiv
FOXA, Twenty-First Century Fox Inc.,Consumer Cyclical,Media - Diversified,NASDAQ100,cc,mdiv
ULTA, Ulta Beauty Inc.,Consumer Cyclical,Specialty Retail,NASDAQ100,cc,sr
UAL, United Continental Holdings Inc.,Industrials,Airlines,NASDAQ100,ind,air
VRSN, VeriSign Inc.,Technology,Internet Content & Information,NASDAQ100,tec,ici
VRSK, Verisk Analytics Inc.,Industrials,Business Services,NASDAQ100,ind,bs
VRTX, Vertex Pharmaceuticals Incorporated,Healthcare,Biotechnology,NASDAQ100,hea,bio
WBA, Walgreens Boots Alliance Inc.,Consumer Defensive,Pharmaceutical Retailers,NASDAQ100,cd,pr
WDC, Western Digital Corporation,Technology,Data Storage,NASDAQ100,tec,das
WLTW, Willis Towers Watson Public Limited Company,Financial Services,Insurance Brokers,NASDAQ100,fs,ib
WDAY, Workday Inc.,Technology,Software - Application,NASDAQ100,tec,sa
WYNN, Wynn Resorts Limited,Consumer Cyclical,Resorts & Casinos,NASDAQ100,cc,rca
XEL, Xcel Energy Inc.,Utilities,Utilities - Regulated Electric,NASDAQ100,uti,ure
XLNX, Xilinx Inc.,Technology,Semiconductors,NASDAQ100,tec,semc
ABBV,AbbVie Inc.,Healthcare,Drug Manufacturers - Major,SP100,hea,dmm
ABT,Abbott Laboratories,Healthcare,Medical Devices,SP100,hea,mdev
ACN,Accenture plc,Technology,Information Technology Services,SP100,tec,its
AGN,Allergan plc,Healthcare,Drug Manufacturers - Specialty & Generic,SP100,hea,dmsg
AIG,American International Group Inc.,Financial Services,Insurance - Diversified,SP100,fs,idiv
ALL,Allstate Corp.,Financial Services,Insurance - Property & Casualty,SP100,fs,ipc
AXP,American Express,Financial Services,Credit Services,SP100,fs,cse
BA,Boeing Co.,Industrials,Aerospace & Defense,SP100,ind,ad
BAC,Bank of America Corp,Financial Services,Banks - Global,SP100,fs,bg
BK,The Bank of New York Mellon,Financial Services,Asset Management,SP100,fs,amana
BLK,BlackRock Inc,Financial Services,Asset Management,SP100,fs,amana
BMY,Bristol-Myers Squibb,Healthcare,Drug Manufacturers - Major,SP100,hea,dmm
BRK-B,Berkshire Hathaway,Financial Services,Insurance - Diversified,SP100,fs,idiv
C,Citigroup Inc,Financial Services,Banks - Global,SP100,fs,bg
CAT,Caterpillar Inc.,Industrials,Farm & Construction Equipment,SP100,ind,fce
CL,Colgate-Palmolive,Consumer Defensive,Household & Personal Products,SP100,cd,hpp
COF,Capital One Financial Corp.,Financial Services,Credit Services,SP100,fs,cse
COP,ConocoPhillips,Energy,Oil & Gas E&P,SP100,ene,ogep
CVS,CVS Health,Healthcare,Health Care Plans,SP100,hea,hcp
CVX,Chevron Corporation,Energy,Oil & Gas Integrated,SP100,ene,ogi
DHR,Danaher Corporation,Healthcare,Diagnostics & Research,SP100,hea,dr
DIS,The Walt Disney Company,Consumer Cyclical,Media - Diversified,SP100,cc,mdiv
DUK,Duke Energy,Utilities,Utilities - Regulated Electric,SP100,uti,ure
DWDP,DowDuPont,Basic Materials,Chemicals,SP100,bm,che
EMR,Emerson Electric Co.,Industrials,Diversified Industrials,SP100,ind,di
EXC,Exelon,Utilities,Utilities - Diversified,SP100,uti,ud
F,Ford Motor Company,Consumer Cyclical,Auto Manufacturers,SP100,cc,aman
FDX,FedEx,Industrials,Integrated Shipping & Logistics,SP100,ind,isl
GD,General Dynamics,Industrials,Aerospace & Defense,SP100,ind,ad
GE,General Electric,Industrials,Diversified Industrials,SP100,ind,di
GM,General Motors,Consumer Cyclical,Auto Manufacturers,SP100,cc,aman
GS,Goldman Sachs,Financial Services,Capital Markets,SP100,fs,cmar
HAL,Halliburton,Energy,Oil & Gas Equipment & Services,SP100,ene,oges
HD,Home Depot,Consumer Cyclical,Home Improvement Stores,SP100,cc,hist
HON,Honeywell,Industrials,Diversified Industrials,SP100,ind,di
IBM,International Business Machines,Technology,Information Technology Services,SP100,tec,its
JNJ,Johnson & Johnson,Healthcare,Drug Manufacturers - Major,SP100,hea,dmm
JPM,JPMorgan Chase & Co.,Financial Services,Banks - Global,SP100,fs,bg
KMI,Kinder Morgan,Energy,Oil & Gas Midstream,SP100,ene,ogm
KO,The Coca-Cola Company,Consumer Defensive,Beverages - Soft Drinks,SP100,cd,bsd
LLY,Eli Lilly and Company,Healthcare,Drug Manufacturers - Major,SP100,hea,dmm
LMT,Lockheed Martin,Industrials,Aerospace & Defense,SP100,ind,ad
LOW,Lowe's,Consumer Cyclical,Home Improvement Stores,SP100,cc,hist
MA,MasterCard Inc,Financial Services,Credit Services,SP100,fs,cse
MCD,McDonald's Corp,Consumer Cyclical,Restaurants,SP100,cc,rest
MDT,Medtronic plc,Healthcare,Medical Devices,SP100,hea,mdev
MET,MetLife Inc.,Financial Services,Insurance - Life,SP100,fs,il
MMM,3M Company,Industrials,Diversified Industrials,SP100,ind,di
MO,Altria Group,Consumer Defensive,Tobacco,SP100,cd,tob
MRK,Merck & Co.,Healthcare,Drug Manufacturers - Major,SP100,hea,dmm
MS,Morgan Stanley,Financial Services,Capital Markets,SP100,fs,cmar
NEE,NextEra Energy,Utilities,Utilities - Regulated Electric,SP100,uti,ure
NKE,"Nike, Inc.",Consumer Cyclical,Footwear & Accessories,SP100,cc,fa
ORCL,Oracle Corporation,Technology,Software - Infrastructure,SP100,tec,si
OXY,Occidental Petroleum Corp.,Energy,Oil & Gas E&P,SP100,ene,ogep
PFE,Pfizer Inc,Healthcare,Drug Manufacturers - Major,SP100,hea,dmm
PG,Procter & Gamble Co,Consumer Defensive,Household & Personal Products,SP100,cd,hpp
PM,Philip Morris International,Consumer Defensive,Tobacco,SP100,cd,tob
RTN,Raytheon Co.,Industrials,Aerospace & Defense,SP100,ind,ad
SLB,Schlumberger,Energy,Oil & Gas Equipment & Services,SP100,ene,oges
SO,Southern Company,Utilities,Utilities - Regulated Electric,SP100,uti,ure
SPG,"Simon Property Group, Inc.",Real Estate,REIT - Retail,SP100,re,rret
T,AT&T Inc,Communication Services,Telecom Services,SP100,cs,ts
TGT,Target Corporation,Consumer Defensive,Discount Stores,SP100,cd,dis
UNH,UnitedHealth Group,Healthcare,Health Care Plans,SP100,hea,hcp
UNP,Union Pacific Corporation,Industrials,Railroads,SP100,ind,rai
UPS,United Parcel Service,Industrials,Integrated Shipping & Logistics,SP100,ind,isl
USB,U.S. Bancorp,Financial Services,Banks - Regional - US,SP100,fs,bru
UTX,United Technologies,Industrials,Aerospace & Defense,SP100,ind,ad
V,Visa Inc.,Financial Services,Credit Services,SP100,fs,cse
VZ,Verizon Communications,Communication Services,Telecom Services,SP100,cs,ts
WFC,Wells Fargo,Financial Services,Banks - Global,SP100,fs,bg
WMT,Walmart,Consumer Defensive,Discount Stores,SP100,cd,dis
XOM,Exxon Mobil Corp.,Energy,Oil & Gas Integrated,SP100,ene,ogi
ABMD,ABIOMED Inc,Healthcare,Medical Devices,SP500,hea,mdev
AAP,Advance Auto Parts,Consumer Cyclical,Specialty Retail,SP500,cc,sr
AES,AES Corp,Utilities,Utilities - Diversified,SP500,uti,ud
AMG,Affiliated Managers Group Inc,Financial Services,Asset Management,SP500,fs,amana
AFL,AFLAC Inc,Financial Services,Insurance - Life,SP500,fs,il
A,Agilent Technologies Inc,Healthcare,Diagnostics & Research,SP500,hea,dr
APD,Air Products & Chemicals Inc,Basic Materials,Chemicals,SP500,bm,che
AKAM,Akamai Technologies Inc,Technology,Software - Application,SP500,tec,sa
ALK,Alaska Air Group Inc,Industrials,Airlines,SP500,ind,air
ALB,Albemarle Corp,Basic Materials,Specialty Chemicals,SP500,bm,sc
ARE,Alexandria Real Estate Equities Inc,Real Estate,REIT - Office,SP500,re,ro
ALLE,Allegion,Industrials,Security & Protection Services,SP500,ind,sps
ADS,Alliance Data Systems,Financial Services,Credit Services,SP500,fs,cse
LNT,Alliant Energy Corp,Utilities,Utilities - Regulated Electric,SP500,uti,ure
AEE,Ameren Corp,Utilities,Utilities - Regulated Electric,SP500,uti,ure
AEP,American Electric Power,Utilities,Utilities - Regulated Electric,SP500,uti,ure
AMT,American Tower Corp.,Communication Services,Telecom Services,SP500,cs,ts
AWK,American Water Works Company Inc,Utilities,Utilities - Regulated Water,SP500,uti,urw
AMP,Ameriprise Financial,Financial Services,Asset Management,SP500,fs,amana
ABC,AmerisourceBergen Corp,Healthcare,Medical Distribution,SP500,hea,mdis
AME,AMETEK Inc.,Industrials,Diversified Industrials,SP500,ind,di
APH,Amphenol Corp,Technology,Electronic Components,SP500,tec,ecom
APC,Anadarko Petroleum Corp,Energy,Oil & Gas E&P,SP500,ene,ogep
ANSS,ANSYS,Technology,Software - Application,SP500,tec,sa
ANTM,Anthem Inc.,Healthcare,Health Care Plans,SP500,hea,hcp
AON,Aon plc,Financial Services,Insurance Brokers,SP500,fs,ib
AOS,A.O. Smith Corp,Industrials,Diversified Industrials,SP500,ind,di
APA,Apache Corporation,Energy,Oil & Gas E&P,SP500,ene,ogep
AIV,Apartment Investment & Management (Aimco),Real Estate,REIT - Residential,SP500,re,rres
APTV,Aptiv Plc,Consumer Cyclical,Auto Parts,SP500,cc,ap
ADM,Archer-Daniels-Midland Co,Consumer Defensive,Farm Products,SP500,cd,fp
ARNC,Arconic Inc.,Industrials,Diversified Industrials,SP500,ind,di
ANET,Arista Networks,Technology,Computer Systems,SP500,tec,cs
AJG,Arthur J. Gallagher & Co.,Financial Services,Insurance Brokers,SP500,fs,ib
AIZ,Assurant Inc.,Financial Services,Insurance - Diversified,SP500,fs,idiv
AZO,AutoZone Inc,Consumer Cyclical,Specialty Retail,SP500,cc,sr
AVB,"AvalonBay Communities, Inc.",Real Estate,REIT - Residential,SP500,re,rres
AVY,Avery Dennison Corp,Industrials,Business Equipment,SP500,ind,be
BHGE,"Baker Hughes, a GE Company",Energy,Oil & Gas Equipment & Services,SP500,ene,oges
BLL,Ball Corp,Consumer Cyclical,Packaging & Containers,SP500,cc,pc
BAX,Baxter International Inc.,Healthcare,Medical Instruments & Supplies,SP500,hea,mis
BBT,BB&T Corporation,Financial Services,Banks - Regional - US,SP500,fs,bru
BDX,Becton Dickinson,Healthcare,Medical Instruments & Supplies,SP500,hea,mis
BBY,Best Buy Co. Inc.,Consumer Cyclical,Specialty Retail,SP500,cc,sr
HRB,Block H&R,Consumer Cyclical,Personal Services,SP500,cc,ps
BWA,BorgWarner,Consumer Cyclical,Auto Parts,SP500,cc,ap
BXP,Boston Properties,Real Estate,REIT - Office,SP500,re,ro
BSX,Boston Scientific,Healthcare,Medical Devices,SP500,hea,mdev
BHF,Brighthouse Financial Inc,Financial Services,Insurance - Life,SP500,fs,il
BR,Broadridge Financial Solutions,Industrials,Business Services,SP500,ind,bs
BF-B,Brown-Forman Corp.,Consumer Defensive,Beverages - Wineries & Distilleries,SP500,cd,bwd
CHRW,C. H. Robinson Worldwide,Industrials,Integrated Shipping & Logistics,SP500,ind,isl
COG,Cabot Oil & Gas,Energy,Oil & Gas E&P,SP500,ene,ogep
CPB,Campbell Soup,Consumer Defensive,Packaged Foods,SP500,cd,pf
CPRI,Capri Holdings,Consumer Cyclical,Apparel Manufacturing,SP500,cc,amang
CAH,Cardinal Health Inc.,Healthcare,Medical Distribution,SP500,hea,mdis
KMX,Carmax Inc,Consumer Cyclical,Auto & Truck Dealerships,SP500,cc,atd
CCL,Carnival Corp.,Consumer Cyclical,Leisure,SP500,cc,lei
CBRE,CBRE Group,Real Estate,Real Estate Services,SP500,re,res
CBS,CBS Corp.,Consumer Cyclical,Media - Diversified,SP500,cc,mdiv
CE,Celanese Corp.,Basic Materials,Chemicals,SP500,bm,che
CNC,Centene Corporation,Healthcare,Health Care Plans,SP500,hea,hcp
CNP,CenterPoint Energy,Utilities,Utilities - Regulated Gas,SP500,uti,urg
CTL,CenturyLink Inc,Communication Services,Telecom Services,SP500,cs,ts
CF,CF Industries Holdings Inc,Basic Materials,Agricultural Inputs,SP500,bm,ai
SCHW,Charles Schwab Corporation,Financial Services,Capital Markets,SP500,fs,cmar
CMG,Chipotle Mexican Grill,Consumer Cyclical,Restaurants,SP500,cc,rest
CB,Chubb Limited,Financial Services,Insurance - Property & Casualty,SP500,fs,ipc
CHD,Church & Dwight,Consumer Defensive,Household & Personal Products,SP500,cd,hpp
CI,CIGNA Corp.,Healthcare,Health Care Plans,SP500,hea,hcp
XEC,Cimarex Energy,Energy,Oil & Gas E&P,SP500,ene,ogep
CINF,Cincinnati Financial,Financial Services,Insurance - Property & Casualty,SP500,fs,ipc
CFG,Citizens Financial Group,Financial Services,Banks - Regional - US,SP500,fs,bru
CLX,The Clorox Company,Consumer Defensive,Household & Personal Products,SP500,cd,hpp
CME,CME Group Inc.,Financial Services,Financial Exchanges,SP500,fs,fe
CMS,CMS Energy,Utilities,Utilities - Regulated Electric,SP500,uti,ure
CMA,Comerica Inc.,Financial Services,Banks - Regional - US,SP500,fs,bru
CAG,Conagra Brands,Consumer Defensive,Packaged Foods,SP500,cd,pf
CXO,Concho Resources,Energy,Oil & Gas E&P,SP500,ene,ogep
ED,Consolidated Edison,Utilities,Utilities - Regulated Electric,SP500,uti,ure
STZ,Constellation Brands,Consumer Defensive,Beverages - Wineries & Distilleries,SP500,cd,bwd
COO,The Cooper Companies,Healthcare,Medical Instruments & Supplies,SP500,hea,mis
CPRT,Copart Inc,Consumer Cyclical,Auto & Truck Dealerships,SP500,cc,atd
GLW,Corning Inc.,Technology,Electronic Components,SP500,tec,ecom
COTY,"Coty, Inc",Consumer Defensive,Household & Personal Products,SP500,cd,hpp
CCI,Crown Castle International Corp.,Real Estate,REIT - Diversified,SP500,re,rd
CMI,Cummins Inc.,Industrials,Diversified Industrials,SP500,ind,di
DHI,D. R. Horton,Consumer Cyclical,Residential Construction,SP500,cc,rco
DRI,Darden Restaurants,Consumer Cyclical,Restaurants,SP500,cc,rest
DVA,DaVita Inc.,Healthcare,Medical Care,SP500,hea,mc
DE,Deere & Co.,Industrials,Farm & Construction Equipment,SP500,ind,fce
DAL,Delta Air Lines Inc.,Industrials,Airlines,SP500,ind,air
XRAY,Dentsply Sirona,Healthcare,Medical Instruments & Supplies,SP500,hea,mis
DVN,Devon Energy Corp.,Energy,Oil & Gas E&P,SP500,ene,ogep
FANG,Diamondback Energy Inc,Energy,Oil & Gas E&P,SP500,ene,ogep
DLR,Digital Realty Trust Inc,Real Estate,REIT - Office,SP500,re,ro
DFS,Discover Financial Services,Financial Services,Credit Services,SP500,fs,cse
DISCA,Discovery Inc. Class A,Consumer Cyclical,Media - Diversified,SP500,cc,mdiv
DISCK,Discovery Inc. Class C,Consumer Cyclical,Media - Diversified,SP500,cc,mdiv
DISH,Dish Network,Communication Services,Pay TV,SP500,cs,pt
DG,Dollar General,Consumer Defensive,Discount Stores,SP500,cd,dis
D,Dominion Energy,Utilities,Utilities - Diversified,SP500,uti,ud
DOV,Dover Corp.,Industrials,Diversified Industrials,SP500,ind,di
DTE,DTE Energy Co.,Utilities,Utilities - Regulated Electric,SP500,uti,ure
DRE,Duke Realty Corp,Real Estate,REIT - Industrial,SP500,re,ri
DXC,DXC Technology,Technology,Information Technology Services,SP500,tec,its
ETFC,E*Trade,Financial Services,Capital Markets,SP500,fs,cmar
EMN,Eastman Chemical,Basic Materials,Chemicals,SP500,bm,che
ETN,Eaton Corporation,Industrials,Diversified Industrials,SP500,ind,di
ECL,Ecolab Inc.,Basic Materials,Specialty Chemicals,SP500,bm,sc
EIX,Edison Int'l,Utilities,Utilities - Regulated Electric,SP500,uti,ure
EW,Edwards Lifesciences,Healthcare,Medical Devices,SP500,hea,mdev
ETR,Entergy Corp.,Utilities,Utilities - Diversified,SP500,uti,ud
EOG,EOG Resources,Energy,Oil & Gas E&P,SP500,ene,ogep
EFX,Equifax Inc.,Industrials,Business Services,SP500,ind,bs
EQIX,Equinix,Real Estate,REIT - Diversified,SP500,re,rd
EQR,Equity Residential,Real Estate,REIT - Residential,SP500,re,rres
ESS,"Essex Property Trust, Inc.",Real Estate,REIT - Residential,SP500,re,rres
EL,Estee Lauder Cos.,Consumer Defensive,Household & Personal Products,SP500,cd,hpp
EVRG,Evergy,Utilities,Utilities - Regulated Electric,SP500,uti,ure
ES,Eversource Energy,Utilities,Utilities - Regulated Electric,SP500,uti,ure
RE,Everest Re Group Ltd.,Financial Services,Insurance - Reinsurance,SP500,fs,ir
EXPD,Expeditors,Industrials,Integrated Shipping & Logistics,SP500,ind,isl
EXR,Extra Space Storage,Real Estate,REIT - Industrial,SP500,re,ri
FFIV,F5 Networks,Technology,Software - Infrastructure,SP500,tec,si
FRT,Federal Realty Investment Trust,Real Estate,REIT - Retail,SP500,re,rret
FIS,Fidelity National Information Services,Industrials,Business Services,SP500,ind,bs
FITB,Fifth Third Bancorp,Financial Services,Banks - Regional - US,SP500,fs,bru
FE,FirstEnergy Corp,Utilities,Utilities - Diversified,SP500,uti,ud
FRC,First Republic Bank,Financial Services,Banks - Regional - US,SP500,fs,bru
FLT,FleetCor Technologies Inc,Industrials,Business Services,SP500,ind,bs
FLIR,FLIR Systems,Technology,Scientific & Technical Instruments,SP500,tec,sti
FLS,Flowserve Corporation,Industrials,Diversified Industrials,SP500,ind,di
FLR,Fluor Corp.,Industrials,Engineering & Construction,SP500,ind,econ
FMC,FMC Corporation,Basic Materials,Agricultural Inputs,SP500,bm,ai
FL,Foot Locker Inc,Consumer Cyclical,Footwear & Accessories,SP500,cc,fa
FTNT,Fortinet,Technology,Software - Application,SP500,tec,sa
FTV,Fortive Corp,Technology,Scientific & Technical Instruments,SP500,tec,sti
FBHS,Fortune Brands Home & Security,Consumer Cyclical,Home Furnishings & Fixtures,SP500,cc,hff
BEN,Franklin Resources,Financial Services,Asset Management,SP500,fs,amana
FCX,Freeport-McMoRan Inc.,Basic Materials,Copper,SP500,bm,cop
GPS,Gap Inc.,Consumer Cyclical,Apparel Stores,SP500,cc,as
GRMN,Garmin Ltd.,Technology,Scientific & Technical Instruments,SP500,tec,sti
IT,Gartner Inc,Technology,Information Technology Services,SP500,tec,its
GIS,General Mills,Consumer Defensive,Packaged Foods,SP500,cd,pf
GPC,Genuine Parts,Consumer Cyclical,Specialty Retail,SP500,cc,sr
GPN,Global Payments Inc.,Industrials,Business Services,SP500,ind,bs
GT,Goodyear Tire & Rubber,Consumer Cyclical,Rubber & Plastics,SP500,cc,rp
HBI,Hanesbrands Inc,Consumer Cyclical,Apparel Stores,SP500,cc,as
HOG,Harley-Davidson,Consumer Cyclical,Recreational Vehicles,SP500,cc,rv
HRS,Harris Corporation,Technology,Communication Equipment,SP500,tec,ceq
HIG,Hartford Financial Svc.Gp.,Financial Services,Insurance - Property & Casualty,SP500,fs,ipc
HCA,HCA Holdings,Healthcare,Medical Care,SP500,hea,mc
HCP,HCP Inc.,Real Estate,REIT - Retail,SP500,re,rret
HP,Helmerich & Payne,Energy,Oil & Gas Drilling,SP500,ene,ogd
HSY,The Hershey Company,Consumer Defensive,Confectioners,SP500,cd,conf
HES,Hess Corporation,Energy,Oil & Gas E&P,SP500,ene,ogep
HPE,Hewlett Packard Enterprise,Technology,Communication Equipment,SP500,tec,ceq
HLT,Hilton Worldwide Holdings Inc,Consumer Cyclical,Lodging,SP500,cc,lod
HFC,HollyFrontier Corp,Energy,Oil & Gas Refining & Marketing,SP500,ene,ogrm
HOLX,Hologic,Healthcare,Medical Instruments & Supplies,SP500,hea,mis
HRL,Hormel Foods Corp.,Consumer Defensive,Packaged Foods,SP500,cd,pf
HST,Host Hotels & Resorts,Real Estate,REIT - Hotel & Motel,SP500,re,rhm
HPQ,HP Inc.,Technology,Consumer Electronics,SP500,tec,cel
HUM,Humana Inc.,Healthcare,Health Care Plans,SP500,hea,hcp
HBAN,Huntington Bancshares,Financial Services,Banks - Regional - US,SP500,fs,bru
HII,Huntington Ingalls Industries,Industrials,Aerospace & Defense,SP500,ind,ad
INFO,IHS Markit Ltd.,Industrials,Business Services,SP500,ind,bs
ITW,Illinois Tool Works,Industrials,Diversified Industrials,SP500,ind,di
IR,Ingersoll-Rand PLC,Industrials,Diversified Industrials,SP500,ind,di
ICE,Intercontinental Exchange,Financial Services,Financial Exchanges,SP500,fs,fe
IP,International Paper,Consumer Cyclical,Packaging & Containers,SP500,cc,pc
IPG,Interpublic Group,Consumer Cyclical,Advertising Agencies,SP500,cc,aa
IFF,Intl Flavors & Fragrances,Basic Materials,Specialty Chemicals,SP500,bm,sc
IVZ,Invesco Ltd.,Financial Services,Asset Management,SP500,fs,amana
IPGP,IPG Photonics Corp.,Technology,Semiconductor Equipment & Materials,SP500,tec,sem
IQV,IQVIA Holdings Inc.,Healthcare,Diagnostics & Research,SP500,hea,dr
IRM,Iron Mountain Incorporated,Industrials,Business Services,SP500,ind,bs
JKHY,Jack Henry & Associates Inc,Industrials,Business Services,SP500,ind,bs
JEC,Jacobs Engineering Group,Industrials,Engineering & Construction,SP500,ind,econ
JEF,Jefferies Financial Group,Financial Services,Asset Management,SP500,fs,amana
SJM,JM Smucker,Consumer Defensive,Packaged Foods,SP500,cd,pf
JCI,Johnson Controls International,Industrials,Engineering & Construction,SP500,ind,econ
JNPR,Juniper Networks,Technology,Communication Equipment,SP500,tec,ceq
KSU,Kansas City Southern,Industrials,Railroads,SP500,ind,rai
K,Kellogg Co.,Consumer Defensive,Packaged Foods,SP500,cd,pf
KEY,KeyCorp,Financial Services,Banks - Regional - US,SP500,fs,bru
KEYS,Keysight Technologies,Technology,Scientific & Technical Instruments,SP500,tec,sti
KMB,Kimberly-Clark,Consumer Defensive,Household & Personal Products,SP500,cd,hpp
KIM,Kimco Realty,Real Estate,REIT - Retail,SP500,re,rret
KSS,Kohl's Corp.,Consumer Cyclical,Department Stores,SP500,cc,des
KR,Kroger Co.,Consumer Defensive,Grocery Stores,SP500,cd,gs
LB,L Brands Inc.,Consumer Cyclical,Apparel Stores,SP500,cc,as
LLL,L-3 Communications Holdings,Industrials,Aerospace & Defense,SP500,ind,ad
LH,Laboratory Corp. of America Holding,Healthcare,Diagnostics & Research,SP500,hea,dr
LW,Lamb Weston Holdings Inc,Consumer Defensive,Packaged Foods,SP500,cd,pf
LEG,Leggett & Platt,Consumer Cyclical,Home Furnishings & Fixtures,SP500,cc,hff
LEN,Lennar Corp.,Consumer Cyclical,Residential Construction,SP500,cc,rco
LNC,Lincoln National,Financial Services,Insurance - Life,SP500,fs,il
LIN,Linde plc,Basic Materials,Specialty Chemicals,SP500,bm,sc
LKQ,LKQ Corporation,Consumer Cyclical,Auto Parts,SP500,cc,ap
L,Loews Corp.,Financial Services,Insurance - Property & Casualty,SP500,fs,ipc
LYB,LyondellBasell,Basic Materials,Specialty Chemicals,SP500,bm,sc
MTB,M&T Bank Corp.,Financial Services,Banks - Regional - US,SP500,fs,bru
MAC,Macerich,Real Estate,REIT - Retail,SP500,re,rret
M,Macy's Inc.,Consumer Cyclical,Department Stores,SP500,cc,des
MRO,Marathon Oil Corp.,Energy,Oil & Gas E&P,SP500,ene,ogep
MPC,Marathon Petroleum,Energy,Oil & Gas Refining & Marketing,SP500,ene,ogrm
MMC,Marsh & McLennan,Financial Services,Insurance Brokers,SP500,fs,ib
MLM,Martin Marietta Materials,Basic Materials,Building Materials,SP500,bm,bm
MAS,Masco Corp.,Basic Materials,Building Materials,SP500,bm,bm
MAT,Mattel Inc.,Consumer Cyclical,Leisure,SP500,cc,lei
MKC,McCormick & Co.,Consumer Defensive,Packaged Foods,SP500,cd,pf
MCK,McKesson Corp.,Healthcare,Medical Distribution,SP500,hea,mdis
MTD,Mettler Toledo,Healthcare,Diagnostics & Research,SP500,hea,dr
MGM,MGM Resorts International,Consumer Cyclical,Resorts & Casinos,SP500,cc,rca
MAA,Mid-America Apartments,Real Estate,REIT - Residential,SP500,re,rres
MHK,Mohawk Industries,Consumer Cyclical,Home Furnishings & Fixtures,SP500,cc,hff
TAP,Molson Coors Brewing Company,Consumer Defensive,Beverages - Brewers,SP500,cd,bb
MCO,Moody's Corp,Financial Services,Capital Markets,SP500,fs,cmar
MOS,The Mosaic Company,Basic Materials,Agricultural Inputs,SP500,bm,ai
MSI,Motorola Solutions Inc.,Technology,Communication Equipment,SP500,tec,ceq
MSCI,MSCI Inc,Financial Services,Capital Markets,SP500,fs,cmar
NDAQ,"Nasdaq, Inc.",Financial Services,Financial Exchanges,SP500,fs,fe
NOV,National Oilwell Varco Inc.,Energy,Oil & Gas Equipment & Services,SP500,ene,oges
NKTR,Nektar Therapeutics,Healthcare,Biotechnology,SP500,hea,bio
NWL,Newell Brands,Consumer Defensive,Household & Personal Products,SP500,cd,hpp
NFX,Newfield Exploration Co,Energy,Oil & Gas E&P,SP500,ene,ogep
NEM,Newmont Mining Corporation,Basic Materials,Gold,SP500,bm,gol
NWSA,News Corp. Class A,Consumer Cyclical,Broadcasting - TV,SP500,cc,bt
NWS,News Corp. Class B,Consumer Cyclical,Broadcasting - TV,SP500,cc,bt
NLSN,Nielsen Holdings,Industrials,Business Services,SP500,ind,bs
NI,NiSource Inc.,Utilities,Utilities - Regulated Gas,SP500,uti,urg
NBL,Noble Energy Inc,Energy,Oil & Gas E&P,SP500,ene,ogep
JWN,Nordstrom,Consumer Cyclical,Department Stores,SP500,cc,des
NSC,Norfolk Southern Corp.,Industrials,Railroads,SP500,ind,rai
NTRS,Northern Trust Corp.,Financial Services,Asset Management,SP500,fs,amana
NOC,Northrop Grumman Corp.,Industrials,Aerospace & Defense,SP500,ind,ad
NCLH,Norwegian Cruise Line,Consumer Cyclical,Leisure,SP500,cc,lei
NRG,NRG Energy,Utilities,Utilities - Independent Power Producers,SP500,uti,uipp
NUE,Nucor Corp.,Basic Materials,Steel,SP500,bm,ste
OMC,Omnicom Group,Consumer Cyclical,Advertising Agencies,SP500,cc,aa
OKE,ONEOK,Energy,Oil & Gas Midstream,SP500,ene,ogm
PKG,Packaging Corporation of America,Consumer Cyclical,Packaging & Containers,SP500,cc,pc
PH,Parker-Hannifin,Industrials,Diversified Industrials,SP500,ind,di
PNR,Pentair plc,Industrials,Diversified Industrials,SP500,ind,di
PBCT,People's United Financial,Financial Services,Banks - Regional - US,SP500,fs,bru
PKI,PerkinElmer,Healthcare,Diagnostics & Research,SP500,hea,dr
PRGO,Perrigo,Healthcare,Drug Manufacturers - Specialty & Generic,SP500,hea,dmsg
PSX,Phillips 66,Energy,Oil & Gas Refining & Marketing,SP500,ene,ogrm
PNW,Pinnacle West Capital,Utilities,Utilities - Regulated Electric,SP500,uti,ure
PXD,Pioneer Natural Resources,Energy,Oil & Gas E&P,SP500,ene,ogep
PNC,PNC Financial Services,Financial Services,Banks - Regional - US,SP500,fs,bru
RL,Polo Ralph Lauren Corp.,Consumer Cyclical,Apparel Manufacturing,SP500,cc,amang
PPG,PPG Industries,Basic Materials,Specialty Chemicals,SP500,bm,sc
PPL,PPL Corp.,Utilities,Utilities - Regulated Electric,SP500,uti,ure
PFG,Principal Financial Group,Financial Services,Insurance - Life,SP500,fs,il
PGR,Progressive Corp.,Financial Services,Insurance - Property & Casualty,SP500,fs,ipc
PLD,Prologis,Real Estate,REIT - Industrial,SP500,re,ri
PRU,Prudential Financial,Financial Services,Insurance - Life,SP500,fs,il
PEG,Public Serv. Enterprise Inc.,Utilities,Utilities - Diversified,SP500,uti,ud
PSA,Public Storage,Real Estate,REIT - Industrial,SP500,re,ri
PHM,Pulte Homes Inc.,Consumer Cyclical,Residential Construction,SP500,cc,rco
PVH,PVH Corp.,Consumer Cyclical,Apparel Manufacturing,SP500,cc,amang
QRVO,Qorvo,Technology,Semiconductors,SP500,tec,semc
PWR,Quanta Services Inc.,Industrials,Engineering & Construction,SP500,ind,econ
DGX,Quest Diagnostics,Healthcare,Diagnostics & Research,SP500,hea,dr
RJF,Raymond James Financial Inc.,Financial Services,Capital Markets,SP500,fs,cmar
O,Realty Income Corporation,Real Estate,REIT - Retail,SP500,re,rret
RHT,Red Hat Inc.,Technology,Software - Application,SP500,tec,sa
REG,Regency Centers Corporation,Real Estate,REIT - Retail,SP500,re,rret
RF,Regions Financial Corp.,Financial Services,Banks - Regional - US,SP500,fs,bru
RSG,Republic Services Inc,Industrials,Waste Management,SP500,ind,wm
RMD,ResMed,Healthcare,Medical Instruments & Supplies,SP500,hea,mis
RHI,Robert Half International,Industrials,Staffing & Outsourcing Services,SP500,ind,sos
ROK,Rockwell Automation Inc.,Industrials,Diversified Industrials,SP500,ind,di
ROL,Rollins Inc.,Industrials,Business Services,SP500,ind,bs
ROP,Roper Technologies,Industrials,Diversified Industrials,SP500,ind,di
RCL,Royal Caribbean Cruises Ltd,Consumer Cyclical,Leisure,SP500,cc,lei
CRM,Salesforce.com,Technology,Software - Application,SP500,tec,sa
SBAC,SBA Communications,Communication Services,Telecom Services,SP500,cs,ts
STX,Seagate Technology,Technology,Data Storage,SP500,tec,das
SEE,Sealed Air,Consumer Cyclical,Packaging & Containers,SP500,cc,pc
SRE,Sempra Energy,Utilities,Utilities - Diversified,SP500,uti,ud
SHW,Sherwin-Williams,Basic Materials,Specialty Chemicals,SP500,bm,sc
SLG,SL Green Realty,Real Estate,REIT - Office,SP500,re,ro
SNA,Snap-on,Industrials,Tools & Accessories,SP500,ind,ta
LUV,Southwest Airlines,Industrials,Airlines,SP500,ind,air
SPGI,"S&P Global, Inc.",Financial Services,Capital Markets,SP500,fs,cmar
SWK,Stanley Black & Decker,Industrials,Tools & Accessories,SP500,ind,ta
STT,State Street Corp.,Financial Services,Asset Management,SP500,fs,amana
SYK,Stryker Corp.,Healthcare,Medical Devices,SP500,hea,mdev
STI,SunTrust Banks,Financial Services,Banks - Regional - US,SP500,fs,bru
SIVB,SVB Financial,Financial Services,Banks - Regional - US,SP500,fs,bru
SYF,Synchrony Financial,Financial Services,Credit Services,SP500,fs,cse
SYY,Sysco Corp.,Consumer Defensive,Food Distribution,SP500,cd,fd
TROW,T. Rowe Price Group,Financial Services,Asset Management,SP500,fs,amana
TPR,"Tapestry, Inc.",Consumer Cyclical,Luxury Goods,SP500,cc,lg
TEL,TE Connectivity Ltd.,Technology,Electronic Components,SP500,tec,ecom
FTI,TechnipFMC,Energy,Oil & Gas Equipment & Services,SP500,ene,oges
TFX,Teleflex Inc,Healthcare,Medical Instruments & Supplies,SP500,hea,mis
TXT,Textron Inc.,Industrials,Aerospace & Defense,SP500,ind,ad
TMO,Thermo Fisher Scientific,Healthcare,Diagnostics & Research,SP500,hea,dr
TIF,Tiffany & Co.,Consumer Cyclical,Luxury Goods,SP500,cc,lg
TWTR,"Twitter, Inc.",Technology,Internet Content & Information,SP500,tec,ici
TJX,TJX Companies Inc.,Consumer Cyclical,Apparel Stores,SP500,cc,as
TMK,Torchmark Corp.,Financial Services,Insurance - Life,SP500,fs,il
TSS,Total System Services,Financial Services,Credit Services,SP500,fs,cse
TSCO,Tractor Supply Company,Consumer Cyclical,Specialty Retail,SP500,cc,sr
TDG,TransDigm Group,Industrials,Aerospace & Defense,SP500,ind,ad
TRV,The Travelers Companies Inc.,Financial Services,Insurance - Property & Casualty,SP500,fs,ipc
TRIP,TripAdvisor,Consumer Cyclical,Leisure,SP500,cc,lei
TSN,Tyson Foods,Consumer Defensive,Farm Products,SP500,cd,fp
UDR,UDR Inc,Real Estate,REIT - Residential,SP500,re,rres
UAA,Under Armour Class A,Consumer Cyclical,Apparel Manufacturing,SP500,cc,amang
UA,Under Armour Class C,Consumer Cyclical,Apparel Manufacturing,SP500,cc,amang
URI,"United Rentals, Inc.",Industrials,Rental & Leasing Services,SP500,ind,rls
UHS,"Universal Health Services, Inc.",Healthcare,Medical Care,SP500,hea,mc
UNM,Unum Group,Financial Services,Insurance - Life,SP500,fs,il
VFC,V.F. Corp.,Consumer Cyclical,Apparel Manufacturing,SP500,cc,amang
VLO,Valero Energy,Energy,Oil & Gas Refining & Marketing,SP500,ene,ogrm
VAR,Varian Medical Systems,Healthcare,Medical Instruments & Supplies,SP500,hea,mis
VTR,Ventas Inc,Real Estate,REIT - Healthcare Facilities,SP500,re,rhf
VIAB,Viacom Inc.,Consumer Cyclical,Media - Diversified,SP500,cc,mdiv
VNO,Vornado Realty Trust,Real Estate,REIT - Office,SP500,re,ro
VMC,Vulcan Materials,Basic Materials,Building Materials,SP500,bm,bm
WM,Waste Management Inc.,Industrials,Waste Management,SP500,ind,wm
WAT,Waters Corporation,Healthcare,Diagnostics & Research,SP500,hea,dr
WEC,Wec Energy Group Inc,Utilities,Utilities - Regulated Electric,SP500,uti,ure
WCG,WellCare,Healthcare,Health Care Plans,SP500,hea,hcp
WELL,Welltower Inc.,Real Estate,REIT - Healthcare Facilities,SP500,re,rhf
WU,Western Union Co,Financial Services,Credit Services,SP500,fs,cse
WRK,WestRock,Consumer Cyclical,Packaging & Containers,SP500,cc,pc
WY,Weyerhaeuser,Basic Materials,Lumber & Wood Production,SP500,bm,lwp
WHR,Whirlpool Corp.,Consumer Cyclical,Home Furnishings & Fixtures,SP500,cc,hff
WMB,Williams Cos.,Energy,Oil & Gas Midstream,SP500,ene,ogm
XRX,Xerox,Technology,Information Technology Services,SP500,tec,its
XYL,Xylem Inc.,Industrials,Diversified Industrials,SP500,ind,di
YUM,Yum! Brands Inc,Consumer Cyclical,Restaurants,SP500,cc,rest
ZBH,Zimmer Biomet Holdings,Healthcare,Medical Devices,SP500,hea,mdev
ZION,Zions Bancorp,Financial Services,Banks - Regional - US,SP500,fs,bru
ZTS,Zoetis,Healthcare,Drug Manufacturers - Specialty & Generic,SP500,hea,dmsg
AAV.TO,Advantage Oil & Gas Ltd.,Energy,Oil & Gas E&P,TSXCI,ene,ogep
ARE.TO,Aecon Group Inc.,Industrials,Engineering & Construction,TSXCI,ind,econ
AEM.TO,Agnico Eagle Mines Limited,Basic Materials,Gold,TSXCI,bm,gol
AC.TO,Air Canada,Industrials,Airlines,TSXCI,ind,air
ASR.TO,Alacer Gold Corp.,Basic Materials,Gold,TSXCI,bm,gol
AGI.TO,Alamos Gold Inc.,Basic Materials,Gold,TSXCI,bm,gol
AD.TO,Alaris Royalty Corp.,Financial Services,Credit Services,TSXCI,fs,cse
AQN.TO,Algonquin Power & Utilities Corp.,Utilities,Utilities - Independent Power Producers,TSXCI,uti,uipp
ATD-B.TO,Alimentation Couche-Tard Inc.,Consumer Defensive,Grocery Stores,TSXCI,cd,gs
AP-UN.TO,Allied Properties Real Estate Investment Trust,Real Estate,REIT - Office,TSXCI,re,ro
ALA.TO,AltaGas Ltd.,Energy,Oil & Gas Midstream,TSXCI,ene,ogm
AIF.TO,Altus Group Limited,Real Estate,Real Estate Services,TSXCI,re,res
APHA.TO,Aphria Inc.,Healthcare,Drug Manufacturers - Specialty & Generic,TSXCI,hea,dmsg
ARX.TO,ARC Resources Ltd.,Energy,Oil & Gas E&P,TSXCI,ene,ogep
AX-UN.TO,Artis Real Estate Investment Trust,Real Estate,REIT - Diversified,TSXCI,re,rd
ACO-X.TO,ATCO Ltd.,Utilities,Utilities - Diversified,TSXCI,uti,ud
ATA.TO,ATS Automation Tooling Systems Inc.,Industrials,Diversified Industrials,TSXCI,ind,di
ACB.TO,Aurora Cannabis Inc.,Healthcare,Drug Manufacturers - Specialty & Generic,TSXCI,hea,dmsg
BTO.TO,B2Gold Corp.,Basic Materials,Gold,TSXCI,bm,gol
BAD.TO,Badger Daylighting Ltd.,Industrials,Engineering & Construction,TSXCI,ind,econ
BMO.TO,Bank of Montreal,Financial Services,Banks - Global,TSXCI,fs,bg
BNS.TO,Bank of Nova Scotia,Financial Services,Banks - Global,TSXCI,fs,bg
ABX.TO,Barrick Gold Corporation,Basic Materials,Gold,TSXCI,bm,gol
BHC.TO,Bausch Health Companies Ltd.,Healthcare,Drug Manufacturers - Specialty & Generic,TSXCI,hea,dmsg
BTE.TO,Baytex Energy Corp.,Energy,Oil & Gas E&P,TSXCI,ene,ogep
BCE.TO,BCE Inc.,Communication Services,Telecom Services,TSXCI,cs,ts
BIR.TO,Birchcliff Energy Ltd.,Energy,Oil & Gas E&P,TSXCI,ene,ogep
BB.TO,BlackBerry Limited,Technology,Communication Equipment,TSXCI,tec,ceq
BEI-UN.TO,Boardwalk Real Estate Investment Trust,Real Estate,REIT - Residential,TSXCI,re,rres
BBD-B.TO,Bombardier Inc.,Industrials,Aerospace & Defense,TSXCI,ind,ad
BLX.TO,Boralex Inc.,Utilities,Utilities - Independent Power Producers,TSXCI,uti,uipp
BYD-UN.TO,Boyd Group Income Fund,Consumer Cyclical,Personal Services,TSXCI,cc,ps
BAM-A.TO,Brookfield Asset Management Inc.,Financial Services,Asset Management,TSXCI,fs,amana
BBU-UN.TO,Brookfield Business Partners L.P.,Industrials,Conglomerates,TSXCI,ind,cong
BIP-UN.TO,Brookfield Infrastructure Partners L.P.,Utilities,Utilities - Diversified,TSXCI,uti,ud
BPY-UN.TO,Brookfield Property Partners L.P.,Real Estate,Real Estate Services,TSXCI,re,res
BEP-UN.TO,Brookfield Renewable Partners L.P.,Utilities,Utilities - Independent Power Producers,TSXCI,uti,uipp
DOO.TO,BRP Inc.,Consumer Cyclical,Recreational Vehicles,TSXCI,cc,rv
CAE.TO,CAE Inc.,Industrials,Aerospace & Defense,TSXCI,ind,ad
CCO.TO,Cameco Corporation,Basic Materials,Industrial Metals & Minerals,TSXCI,bm,imm
GOOS.TO,Canada Goose Holdings Inc.,Consumer Cyclical,Apparel Manufacturing,TSXCI,cc,amang
CAR-UN.TO,Canadian Apartment Properties Real Estate Investment Trust,Real Estate,REIT - Residential,TSXCI,re,rres
CM.TO,Canadian Imperial Bank of Commerce,Financial Services,Banks - Global,TSXCI,fs,bg
CNR.TO,Canadian National Railway Company,Industrials,Railroads,TSXCI,ind,rai
CNQ.TO,Canadian Natural Resources Limited,Energy,Oil & Gas E&P,TSXCI,ene,ogep
CP.TO,Canadian Pacific Railway Limited,Industrials,Railroads,TSXCI,ind,rai
CTC-A.TO,Canadian Tire Corporation Limited,Consumer Cyclical,Specialty Retail,TSXCI,cc,sr
CU.TO,Canadian Utilities Limited,Utilities,Utilities - Diversified,TSXCI,uti,ud
CWB.TO,Canadian Western Bank,Financial Services,Banks - Regional - Canada,TSXCI,fs,brc
CFP.TO,Canfor Corporation,Basic Materials,Lumber & Wood Production,TSXCI,bm,lwp
WEED.TO,Canopy Growth Corporation,Healthcare,Drug Manufacturers - Specialty & Generic,TSXCI,hea,dmsg
CPX.TO,Capital Power Corporation,Utilities,Utilities - Regulated Electric,TSXCI,uti,ure
CAS.TO,Cascades Inc.,Basic Materials,Paper & Paper Products,TSXCI,bm,ppp
CCL-B.TO,CCL Industries Inc.,Consumer Cyclical,Packaging & Containers,TSXCI,cc,pc
CLS.TO,Celestica Inc.,Technology,Contract Manufacturers,TSXCI,tec,cman
CVE.TO,Cenovus Energy Inc.,Energy,Oil & Gas Integrated,TSXCI,ene,ogi
CG.TO,Centerra Gold Inc.,Basic Materials,Gold,TSXCI,bm,gol
CEU.TO,CES Energy Solutions Corp.,Energy,Oil & Gas Drilling,TSXCI,ene,ogd
GIB-A.TO,CGI Group Inc.,Technology,Information Technology Services,TSXCI,tec,its
CSH-UN.TO,Chartwell Retirement Residences,Real Estate,REIT - Healthcare Facilities,TSXCI,re,rhf
CHE-UN.TO,Chemtrade Logistics Income Fund,Basic Materials,Specialty Chemicals,TSXCI,bm,sc
CHP-UN.TO,Choice Properties Real Estate Investment Trust,Real Estate,REIT - Retail,TSXCI,re,rret
CHR.TO,Chorus Aviation Inc.,Industrials,Airlines,TSXCI,ind,air
CIX.TO,CI Financial Corp.,Financial Services,Asset Management,TSXCI,fs,amana
CGX.TO,Cineplex Inc.,Consumer Cyclical,Media - Diversified,TSXCI,cc,mdiv
CCA.TO,Cogeco Communications Inc.,Communication Services,Telecom Services,TSXCI,cs,ts
CIGI.TO,Colliers International Group Inc.,Real Estate,Real Estate Services,TSXCI,re,res
CUF-UN.TO,Cominar Real Estate Investment Trust,Real Estate,REIT - Diversified,TSXCI,re,rd
CMG.TO,Computer Modelling Group Ltd.,Technology,Software - Application,TSXCI,tec,sa
CSU.TO,Constellation Software Inc.,Technology,Software - Application,TSXCI,tec,sa
BCB.TO,Cott Corporation,Consumer Defensive,Beverages - Soft Drinks,TSXCI,cd,bsd
CPG.TO,Crescent Point Energy Corp.,Energy,Oil & Gas E&P,TSXCI,ene,ogep
CRR-UN.TO,Crombie Real Estate Investment Trust,Real Estate,REIT - Diversified,TSXCI,re,rd
DSG.TO,Descartes Systems Group Inc.,Technology,Software - Application,TSXCI,tec,sa
DGC.TO,Detour Gold Corporation,Basic Materials,Gold,TSXCI,bm,gol
DOL.TO,Dollarama Inc.,Consumer Defensive,Discount Stores,TSXCI,cd,dis
DII-B.TO,Dorel Industries Inc.,Consumer Cyclical,Home Furnishings & Fixtures,TSXCI,cc,hff
DRG-UN.TO,Dream Global Real Estate Investment Trust,Real Estate,REIT - Office,TSXCI,re,ro
D-UN.TO,Dream Office Real Estate Investment Trust,Real Estate,REIT - Office,TSXCI,re,ro
ECN.TO,ECN Capital Corp.,Financial Services,Credit Services,TSXCI,fs,cse
ELD.TO,Eldorado Gold Corporation,Basic Materials,Gold,TSXCI,bm,gol
EFN.TO,Element Fleet Management Corp.,Financial Services,Credit Services,TSXCI,fs,cse
EMA.TO,Emera Incorporated,Utilities,Utilities - Diversified,TSXCI,uti,ud
EMP-A.TO,Empire Company Limited,Consumer Defensive,Grocery Stores,TSXCI,cd,gs
ENB.TO,Enbridge Inc.,Energy,Oil & Gas Midstream,TSXCI,ene,ogm
ECA.TO,Encana Corporation,Energy,Oil & Gas E&P,TSXCI,ene,ogep
EDV.TO,Endeavour Mining Corporation,Basic Materials,Gold,TSXCI,bm,gol
EFX.TO,Enerflex Ltd.,Energy,Oil & Gas Equipment & Services,TSXCI,ene,oges
ERF.TO,Enerplus Corporation,Energy,Oil & Gas E&P,TSXCI,ene,ogep
ENGH.TO,Enghouse Systems Limited,Technology,Software - Application,TSXCI,tec,sa
ESI.TO,Ensign Energy Services Inc.,Energy,Oil & Gas Drilling,TSXCI,ene,ogd
EIF.TO,Exchange Income Corporation,Industrials,Airlines,TSXCI,ind,air
EXE.TO,Extendicare Real Estate Investment Trust,Healthcare,Long-Term Care Facilities,TSXCI,hea,ltcf
FFH.TO,Fairfax Financial Holdings Limited,Financial Services,Insurance - Property & Casualty,TSXCI,fs,ipc
FTT.TO,Finning International Inc.,Industrials,Industrial Distribution,TSXCI,ind,idis
FCR.TO,First Capital Realty Inc.,Real Estate,Real Estate Services,TSXCI,re,res
FR.TO,First Majestic Silver Corp.,Basic Materials,Silver,TSXCI,bm,sil
FM.TO,First Quantum Minerals Ltd.,Basic Materials,Copper,TSXCI,bm,cop
FSV.TO,FirstService Corporation,Real Estate,Real Estate Services,TSXCI,re,res
FTS.TO,Fortis Inc.,Utilities,Utilities - Regulated Electric,TSXCI,uti,ure
FVI.TO,Fortuna Silver Mines Inc.,Basic Materials,Silver,TSXCI,bm,sil
FNV.TO,Franco-Nevada Corporation,Basic Materials,Gold,TSXCI,bm,gol
FRU.TO,Freehold Royalties Ltd.,Energy,Oil & Gas E&P,TSXCI,ene,ogep
MIC.TO,Genworth MI Canada Inc.,Financial Services,Insurance - Specialty,TSXCI,fs,is
WN.TO,George Weston Limited,Consumer Defensive,Grocery Stores,TSXCI,cd,gs
GEI.TO,Gibson Energy Inc.,Energy,Oil & Gas Midstream,TSXCI,ene,ogm
GIL.TO,Gildan Activewear Inc.,Consumer Cyclical,Apparel Manufacturing,TSXCI,cc,amang
G.TO,Goldcorp Inc.,Basic Materials,Gold,TSXCI,bm,gol
GTE.TO,Gran Tierra Energy Inc.,Energy,Oil & Gas E&P,TSXCI,ene,ogep
GRT-UN.TO,Granite Real Estate Investment Trust,Real Estate,REIT - Industrial,TSXCI,re,ri
GC.TO,Great Canadian Gaming Corporation,Consumer Cyclical,Gambling,TSXCI,cc,gam
GWO.TO,Great-West Lifeco Inc.,Financial Services,Insurance - Life,TSXCI,fs,il
GUY.TO,Guyana Goldfields Inc.,Basic Materials,Gold,TSXCI,bm,gol
HR-UN.TO,H&R Real Estate Investment Trust,Real Estate,REIT - Diversified,TSXCI,re,rd
HCG.TO,Home Capital Group Inc.,Financial Services,Specialty Finance,TSXCI,fs,sf
HBM.TO,HudBay Minerals Inc.,Basic Materials,Copper,TSXCI,bm,cop
HBC.TO,Hudson's Bay Company,Consumer Cyclical,Department Stores,TSXCI,cc,des
HSE.TO,Husky Energy Inc.,Energy,Oil & Gas Integrated,TSXCI,ene,ogi
H.TO,Hydro One Limited,Utilities,Utilities - Regulated Electric,TSXCI,uti,ure
IMG.TO,Iamgold Corporation,Basic Materials,Gold,TSXCI,bm,gol
IGM.TO,IGM Financial Inc.,Financial Services,Asset Management,TSXCI,fs,amana
IMO.TO,Imperial Oil Limited,Energy,Oil & Gas Integrated,TSXCI,ene,ogi
IAG.TO,Industrial Alliance Insurance and Financial Services Inc.,Financial Services,Insurance - Diversified,TSXCI,fs,idiv
INE.TO,Innergex Renewable Energy Inc.,Utilities,Utilities - Independent Power Producers,TSXCI,uti,uipp
IFC.TO,Intact Financial Corporation,Financial Services,Insurance - Property & Casualty,TSXCI,fs,ipc
IPL.TO,Inter Pipeline Ltd.,Energy,Oil & Gas Midstream,TSXCI,ene,ogm
IFP.TO,Interfor Corporation,Basic Materials,Lumber & Wood Production,TSXCI,bm,lwp
ITP.TO,Intertape Polymer Group Inc.,Consumer Cyclical,Packaging & Containers,TSXCI,cc,pc
IIP-UN.TO,InterRent Real Estate Investement Trust,Real Estate,REIT - Residential,TSXCI,re,rres
IVN.TO,Ivanhoe Mines Ltd.,Basic Materials,Industrial Metals & Minerals,TSXCI,bm,imm
KEL.TO,Kelt Exploration Ltd.,Energy,Oil & Gas E&P,TSXCI,ene,ogep
KEY.TO,Keyera Corp.,Energy,Oil & Gas Midstream,TSXCI,ene,ogm
KMP-UN.TO,Killiam Apartment Real Estate Investment Trust,Real Estate,REIT - Residential,TSXCI,re,rres
KXS.TO,Kinaxis Inc.,Technology,Software - Application,TSXCI,tec,sa
KML.TO,Kinder Morgan Canada,Energy,Oil & Gas Midstream,TSXCI,ene,ogm
K.TO,Kinross Gold Corporation,Basic Materials,Gold,TSXCI,bm,gol
KL.TO,Kirkland Lake Gold Ltd.,Basic Materials,Gold,TSXCI,bm,gol
GUD.TO,Knight Therapeutics Inc.,Healthcare,Drug Manufacturers - Specialty & Generic,TSXCI,hea,dmsg
LIF.TO,Labrador Iron Ore Royalty Corporation,Basic Materials,Steel,TSXCI,bm,ste
LB.TO,Laurentian Bank of Canada,Financial Services,Banks - Regional - Canada,TSXCI,fs,brc
LNR.TO,Linamar Corporation,Consumer Cyclical,Auto Parts,TSXCI,cc,ap
L.TO,Loblaw Companies Limited,Consumer Defensive,Grocery Stores,TSXCI,cd,gs
LUC.TO,Lucara Diamond Corp.,Basic Materials,Industrial Metals & Minerals,TSXCI,bm,imm
LUN.TO,Lundin Mining Corporation,Basic Materials,Copper,TSXCI,bm,cop
MAG.TO,MAG Silver Corp.,Basic Materials,Silver,TSXCI,bm,sil
MG.TO,Magna International Inc.,Consumer Cyclical,Auto Parts,TSXCI,cc,ap
MFC.TO,Manulife Financial Corporation,Financial Services,Insurance - Life,TSXCI,fs,il
MFI.TO,Maple Leaf Foods Inc.,Consumer Defensive,Packaged Foods,TSXCI,cd,pf
MRE.TO,Martinrea International Inc.,Consumer Cyclical,Auto Parts,TSXCI,cc,ap
MAXR.TO,Maxar Technologies Ltd.,Technology,Communication Equipment,TSXCI,tec,ceq
MEG.TO,MEG Energy Corp.,Energy,Oil & Gas E&P,TSXCI,ene,ogep
MX.TO,Methanex Corporation,Basic Materials,Chemicals,TSXCI,bm,che
MRU.TO,Metro Inc.,Consumer Defensive,Grocery Stores,TSXCI,cd,gs
MSI.TO,Morneau Shepell Inc.,Industrials,Staffing & Outsourcing Services,TSXCI,ind,sos
MTY.TO,MTY Food Group Inc.,Consumer Cyclical,Restaurants,TSXCI,cc,rest
MTL.TO,Mullen Group Ltd.,Energy,Oil & Gas Equipment & Services,TSXCI,ene,oges
NA.TO,National Bank of Canada,Financial Services,Banks - Global,TSXCI,fs,bg
NSU.TO,Nevsun Resources Ltd.,Basic Materials,Industrial Metals & Minerals,TSXCI,bm,imm
NFI.TO,New Flyer Industries Inc.,Consumer Cyclical,Auto Manufacturers,TSXCI,cc,aman
NGD.TO,New Gold Inc.,Basic Materials,Gold,TSXCI,bm,gol
NXE.TO,NexGen Energy Ltd.,Basic Materials,Industrial Metals & Minerals,TSXCI,bm,imm
OSB.TO,Norbord Inc.,Basic Materials,Lumber & Wood Production,TSXCI,bm,lwp
NPI.TO,Northland Power Inc.,Utilities,Utilities - Independent Power Producers,TSXCI,uti,uipp
NVU-UN.TO,Northview Apartment Real Estate Investment Trust,Real Estate,REIT - Residential,TSXCI,re,rres
NG.TO,NovaGold Resources Inc.,Basic Materials,Gold,TSXCI,bm,gol
NTR.TO,Nutrien Ltd.,Basic Materials,Agricultural Inputs,TSXCI,bm,ai
NVA.TO,NuVista Energy Ltd.,Energy,Oil & Gas E&P,TSXCI,ene,ogep
OGC.TO,OceanaGold Corporation,Basic Materials,Gold,TSXCI,bm,gol
ONEX.TO,Onex Corporation,Financial Services,Asset Management,TSXCI,fs,amana
OTEX.TO,Open Text Corporation,Technology,Software - Application,TSXCI,tec,sa
OR.TO,Osisko Gold Royalties Ltd,Basic Materials,Gold,TSXCI,bm,gol
PAAS.TO,Pan American Silver Corp.,Basic Materials,Silver,TSXCI,bm,sil
POU.TO,Paramount Resources Ltd.,Energy,Oil & Gas E&P,TSXCI,ene,ogep
PXT.TO,Parex Resources Inc.,Energy,Oil & Gas E&P,TSXCI,ene,ogep
PKI.TO,Parkland Fuel Corporation,Energy,Oil & Gas Refining & Marketing,TSXCI,ene,ogrm
PSI.TO,Pason Systems Inc.,Energy,Oil & Gas Equipment & Services,TSXCI,ene,oges
PPL.TO,Pembina Pipeline Corporation,Energy,Oil & Gas Midstream,TSXCI,ene,ogm
PEY.TO,Peyto Exploration & Development Corp.,Energy,Oil & Gas E&P,TSXCI,ene,ogep
POW.TO,Power Corporation of Canada,Financial Services,Insurance - Life,TSXCI,fs,il
PWF.TO,Power Financial Corporation,Financial Services,Insurance - Life,TSXCI,fs,il
PSK.TO,PrairieSky Royalty Ltd.,Energy,Oil & Gas E&P,TSXCI,ene,ogep
PD.TO,Precision Drilling Corporation,Energy,Oil & Gas Equipment & Services,TSXCI,ene,oges
PBH.TO,Premium Brands Holdings Corporation,Consumer Defensive,Packaged Foods,TSXCI,cd,pf
PVG.TO,Pretium Resources Inc.,Basic Materials,Industrial Metals & Minerals,TSXCI,bm,imm
QBR-B.TO,Quebecor Inc.,Communication Services,Telecom Services,TSXCI,cs,ts
QSR.TO,Restaurant Brands International Inc.,Consumer Cyclical,Restaurants,TSXCI,cc,rest
RCH.TO,Richelieu Hardware Ltd.,Consumer Cyclical,Home Furnishings & Fixtures,TSXCI,cc,hff
REI-UN.TO,RioCan Real Estate Investment Trust,Real Estate,REIT - Retail,TSXCI,re,rret
RBA.TO,Ritchie Bros. Auctioneers Incorporated,Industrials,Business Services,TSXCI,ind,bs
RCI-B.TO,Rogers Communications Inc.,Communication Services,Telecom Services,TSXCI,cs,ts
RY.TO,Royal Bank of Canada,Financial Services,Banks - Global,TSXCI,fs,bg
RUS.TO,Russel Metals Inc.,Industrials,Industrial Distribution,TSXCI,ind,idis
SSL.TO,Sandstorm Gold Ltd.,Basic Materials,Gold,TSXCI,bm,gol
SAP.TO,Saputo Inc.,Consumer Defensive,Packaged Foods,TSXCI,cd,pf
SES.TO,Secure Energy Services Inc.,Energy,Oil & Gas Equipment & Services,TSXCI,ene,oges
SMF.TO,Semafo Inc.,Basic Materials,Gold,TSXCI,bm,gol
VII.TO,Seven Generations Energy Ltd.,Energy,Oil & Gas E&P,TSXCI,ene,ogep
SJR-B.TO,Shaw Communications Inc.,Communication Services,Telecom Services,TSXCI,cs,ts
SCL.TO,ShawCor Ltd.,Energy,Oil & Gas Equipment & Services,TSXCI,ene,oges
SHOP.TO,Shopify Inc.,Technology,Software - Application,TSXCI,tec,sa
SIA.TO,Sienna Senior Living Inc.,Healthcare,Long-Term Care Facilities,TSXCI,hea,ltcf
SW.TO,Sierra Wireless Inc.,Technology,Communication Equipment,TSXCI,tec,ceq
ZZZ.TO,Sleep Country Canada Holdings Inc.,Consumer Cyclical,Specialty Retail,TSXCI,cc,sr
SRU-UN.TO,SmartCentres Real Estate Investment Trust,Real Estate,REIT - Retail,TSXCI,re,rret
SNC.TO,SNC-Lavalin Group Inc.,Industrials,Engineering & Construction,TSXCI,ind,econ
TOY.TO,Spin Master Corp.,Consumer Cyclical,Leisure,TSXCI,cc,lei
SSRM.TO,SSR Mining,Basic Materials,Gold,TSXCI,bm,gol
STN.TO,Stantec Inc.,Industrials,Engineering & Construction,TSXCI,ind,econ
SJ.TO,Stella-Jones Inc.,Basic Materials,Lumber & Wood Production,TSXCI,bm,lwp
SLF.TO,Sun Life Financial Inc.,Financial Services,Insurance - Diversified,TSXCI,fs,idiv
SU.TO,Suncor Energy Inc.,Energy,Oil & Gas Integrated,TSXCI,ene,ogi
SPB.TO,Superior Plus Corp.,Utilities,Utilities - Diversified,TSXCI,uti,ud
THO.TO,Tahoe Resources Inc.,Basic Materials,Gold,TSXCI,bm,gol
TVE.TO,Tamarack Valley Energy Ltd.,Energy,Oil & Gas E&P,TSXCI,ene,ogep
TECK-B.TO,Teck Resources Limited,Basic Materials,Industrial Metals & Minerals,TSXCI,bm,imm
T.TO,Telus Corporation,Communication Services,Telecom Services,TSXCI,cs,ts
TFII.TO,TFI International Inc.,Industrials,Trucking,TSXCI,ind,tru
NWC.TO,The North West Company Inc.,Consumer Defensive,Grocery Stores,TSXCI,cd,gs
TSGI.TO,The Stars Group Inc.,Consumer Cyclical,Gambling,TSXCI,cc,gam
TRI.TO,Thomson Reuters Corporation,Financial Services,Capital Markets,TSXCI,fs,cmar
X.TO,TMX Group Limited,Financial Services,Financial Exchanges,TSXCI,fs,fe
TOG.TO,TORC Oil & Gas Ltd.,Energy,Oil & Gas E&P,TSXCI,ene,ogep
TXG.TO,Torex Gold Resources Inc.,Basic Materials,Gold,TSXCI,bm,gol
TIH.TO,Toromont Industries Ltd.,Industrials,Industrial Distribution,TSXCI,ind,idis
TD.TO,Toronto-Dominion Bank,Financial Services,Banks - Global,TSXCI,fs,bg
TOU.TO,Tourmaline Oil Corp.,Energy,Oil & Gas E&P,TSXCI,ene,ogep
TA.TO,TransAlta Corporation,Utilities,Utilities - Independent Power Producers,TSXCI,uti,uipp
RNW.TO,TransAlta Renewables Inc.,Utilities,Utilities - Independent Power Producers,TSXCI,uti,uipp
TRP.TO,TransCanada Corporation,Energy,Oil & Gas Midstream,TSXCI,ene,ogm
TCL-A.TO,Transcontinental Inc.,Consumer Cyclical,Publishing,TSXCI,cc,pub
TCW.TO,Trican Well Service Ltd.,Energy,Oil & Gas Equipment & Services,TSXCI,ene,oges
TCN.TO,Tricon Capital Group Inc.,Real Estate,Real Estate Services,TSXCI,re,res
TRQ.TO,Turquoise Hill Resources Ltd.,Basic Materials,Copper,TSXCI,bm,cop
UNS.TO,Uni-Select Inc.,Consumer Cyclical,Auto Parts,TSXCI,cc,ap
VET.TO,Vermilion Energy Inc.,Energy,Oil & Gas E&P,TSXCI,ene,ogep
WCN.TO,Waste Connections Inc.,Industrials,Waste Management,TSXCI,ind,wm
WFT.TO,West Fraser Timber Co. Ltd.,Basic Materials,Lumber & Wood Production,TSXCI,bm,lwp
WEF.TO,Western Forest Products Inc.,Basic Materials,Lumber & Wood Production,TSXCI,bm,lwp
WJA.TO,WestJet Airlines Ltd.,Industrials,Airlines,TSXCI,ind,air
WTE.TO,Westshore Terminals Investment Corporation,Basic Materials,Coal,TSXCI,bm,coa
WPM.TO,Wheaton Precious Metals Corp.,Basic Materials,Silver,TSXCI,bm,sil
WCP.TO,Whitecap Resources Inc.,Energy,Oil & Gas E&P,TSXCI,ene,ogep
WPK.TO,Winpak Ltd.,Consumer Cyclical,Packaging & Containers,TSXCI,cc,pc
WSP.TO,WSP Global Inc.,Industrials,Engineering & Construction,TSXCI,ind,econ
YRI.TO,Yamana Gold Inc.,Basic Materials,Gold,TSXCI,bm,gol
